Song,Image,Rating,Time
song1,image1,1,1
song2,image2,5,1
song3,image3,2,1
song4,image4,4,1
song5,image5,1,1
song6,image6,4,1
song7,image7,5,1
song1,image1,10,1
song2,image2,15,2
song3,image3,11,2
song4,image4,8,2
song5,image5,18,2
song6,image6,13,2
song7,image7,19,2
song1,image1,8,3
song2,image2,28,3
song3,image3,32,3
song4,image4,18,3
song5,image5,24,3
song6,image6,29,3
song7,image7,14,3
song1,image1,42,4
song2,image2,33,4
song3,image3,37,4
song4,image4,31,4
song5,image5,34,4
song6,image6,42,4
song7,image7,45,4
song1,image1,41,5
song2,image2,36,5
song3,image3,49,5
song4,image4,51,5
song5,image5,47,5
song6,image6,58,5
song7,image7,55,5
song1,image1,52,6
song2,image2,60,6
song3,image3,64,6
song4,image4,57,6
song5,image5,61,6
song6,image6,65,6
song7,image7,59,6
song1,image1,69,7
song2,image2,73,7
song3,image3,72,7
song4,image4,77,7
song5,image5,80,7
song6,image6,76,7
song7,image7,84,7
song1,image1,81,8
song2,image2,77,8
song3,image3,83,8
song4,image4,86,8
song5,image5,81,8
song6,image6,84,8
song7,image7,79,8
song1,image1,88,9
song2,image2,90,9
song3,image3,94,9
song4,image4,95,9
song5,image5,92,9
song6,image6,94,9
song7,image7,90,9
song1,image1,91,10
song2,image2,92,10
song3,image3,93,10
song4,image4,94,10
song5,image5,95,10
song6,image6,96,10
song7,image7,97,10
